{
    "display":
    {
        "icon": {"id": "minecraft:furnace"},
        "title": {"translate": "Hot Topic"},
        "description": {"translate": "Craft a furnace."}
    },
    "parent": "minecraft:story/mine_stone",
    "criteria":
    {
    "furnace":
        {
            "trigger": "minecraft:inventory_changed",
            "conditions" : {
                "items": [
                    {
                        "items": [
                            "minecraft:furnace"
                        ]
                    }
                ]
            }
        }
    }
}

