{
  "parent": "minecraft:story/root",
  "criteria": {
    "get_stone": {
      "conditions": {
        "items": [
          {
            "items": "#minecraft:stone_tool_materials"
          }
        ]
      },
      "trigger": "minecraft:inventory_changed"
    }
  },
  "display": {
    "description": {
      "translate": "Make a Cobblestone generator with Water and Lava."
    },
    "icon": {
      "id": "minecraft:cobblestone"
    },
    "title": {
      "translate": "Cobblestone Generator"
    }
  },
  "requirements": [
    [
      "get_stone"
    ]
  ],
  "sends_telemetry_event": true
}