{
  "criteria": {
    "crafting_table": {
      "conditions": {
        "items": [
          {
            "items": [
              "minecraft:crafting_table"
            ]
          }
        ]
      },
      "trigger": "minecraft:inventory_changed"
    }
  },
  "display": {
    "announce_to_chat": false,
    "background": "minecraft:textures/gui/advancements/backgrounds/stone.png",
    "description": {
      "translate": "An island in the void."
    },
    "icon": {
      "id": "minecraft:grass_block"
    },
    "show_toast": true,
    "title": {
      "translate": "Skyblock"
    }
  },
  "requirements": [
    [
      "crafting_table"
    ]
  ],
  "sends_telemetry_event": true
}