{
  "parent": "minecraft:story/iron_tools",
  "criteria": {
    "diamond": {
      "conditions": {
        "items": [
          {
            "items": [
              "minecraft:diamond"
            ]
          }
        ]
      },
      "trigger": "minecraft:inventory_changed"
    }
  },
  "display": {
    "description": {
      "translate": "Aquire diamonds from a structure's chest."
    },
    "icon": {
      "item": "minecraft:diamond"
    },
    "title": {
      "translate": "advancements.story.mine_diamond.title"
    }
  },
  "requirements": [
    [
      "diamond"
    ]
  ],
  "sends_telemetry_event": true
}