{
    "display":
    {
        "icon":{
            "item": "minecraft:oak_sapling"
        },
        "title": {
            "translate": "Replanting"
        },
        "description": {
            "translate": "Collect a Sapling or it's game over man!"
        },
	    "show_toast": true,
	    "announce_to_chat": false
    },
    "parent": "minecraft:story/root",
    "criteria":
    {
        "sapling":
        {
            "conditions" : {
                "items": [
                    {
                        "tag": "minecraft:saplings"
                    }
                ]
            },
            "trigger": "minecraft:inventory_changed"
        }
    }
}
