{
    "display":
    {
        "icon": {"id": "minecraft:creeper_head"},
        "title": {"translate": "Head Hunter"},
        "description": {"translate": "Obtain every head in the game."},
	"frame":"challenge"
    },
    "parent": "skyblock:ocean/throw_trident",
    "criteria":
    {
        "wither_skull":
        {
            "trigger": "minecraft:inventory_changed",
            "conditions": {
                "items": [
                    {
                        "items": [
                            "minecraft:wither_skeleton_skull"
                        ]
                    }
                ]
            }
        },
	    "creeper_head":
        {
            "trigger": "minecraft:inventory_changed",
            "conditions": {
                "items": [
                    {
                        "items": [
                            "minecraft:creeper_head"
                        ]
                    }
                ]
            }
        },
	    "zombie_head":
        {
            "trigger": "minecraft:inventory_changed",
            "conditions": {
                "items": [
                    {
                        "items": [
                            "minecraft:zombie_head"
                        ]
                    }
                ]
            }
        },
	    "dragon_head":
        {
            "trigger": "minecraft:inventory_changed",
            "conditions": {
                "items": [
                    {
                        "items": [
                            "minecraft:dragon_head"
                        ]
                    }
                ]
            }
        },
	    "skeleton_skull":
        {
            "trigger": "minecraft:inventory_changed",
            "conditions": {
                "items": [
                    {
                        "items": [
                            "minecraft:skeleton_skull"
                        ]
                    }
                ]
            }
        },
        "piglin_head":
        {
            "trigger": "minecraft:inventory_changed",
            "conditions": {
                "items": [
                    {
                        "items": [
                            "minecraft:piglin_head"
                        ]
                    }
                ]
            }
        }
    }
}
