{
    "display":
    {
        "icon": {"item": "minecraft:bread"},
        "title": {"translate": "Baker"},
        "description": {"translate": "Bake a stack of Bread."}
    },
    "parent": "skyblock:farmer/wheat",
    "criteria":
    {
        "bread":
        {
	    "trigger": "minecraft:inventory_changed",
            "conditions" : {
                "items": [
                    {
                        "items": [
                            "minecraft:bread"
                        ],
                        "count": 64
                    }
                ]
            }
        }
    }
}
