{
    "display":
    {
        "icon": {"item": "minecraft:nether_wart"},
        "title": {"translate": "Wart Farmer"},
        "description": {"translate": "Is it Contagious?"}
    },
    "parent": "skyblock:farmer/seedy_place",
    "criteria":
    {
        "nether_wart":
        {
	    "trigger": "minecraft:inventory_changed",
            "conditions" : {
                "items": [
                    {
                        "items": [
                            "minecraft:nether_wart"
                        ],
                        "count": 64
                    }
                ]
            }
        }
    }
}
