{
  "parent": "minecraft:adventure/kill_a_mob",
  "criteria": {
    "requirement": {
      "trigger": "minecraft:impossible"
    }
  },
  "display": {
    "description": {
      "translate": "advancements.adventure.throw_trident.description"
    },
    "icon": {
      "id": "minecraft:trident",
      "nbt": "{Damage:0}"
    },
    "title": {
      "translate": "advancements.adventure.throw_trident.title"
    }
  },
  "requirements": [
    [
      "shot_trident"
    ]
  ],
  "sends_telemetry_event": true
}