{
    "name": "void_structure_fixes:ocean_ruins_cold/house",
    "fallback": "minecraft:empty",
    "elements": [
      {
        "weight": 1,
        "element": {
          "element_type": "minecraft:single_pool_element",
          "projection": "rigid",
          "location": "void_structure_fixes:ocean_ruins_cold/house/house_01",
          "processors": "minecraft:empty"
        }
      },
      {
        "weight": 1,
        "element": {
          "element_type": "minecraft:single_pool_element",
          "projection": "rigid",
          "location": "void_structure_fixes:ocean_ruins_cold/house/house_02",
          "processors": "minecraft:empty"
        }
      },
      {
        "weight": 1,
        "element": {
          "element_type": "minecraft:single_pool_element",
          "projection": "rigid",
          "location": "void_structure_fixes:ocean_ruins_cold/house/house_03",
          "processors": "minecraft:empty"
        }
      },
      {
        "weight": 1,
        "element": {
          "element_type": "minecraft:single_pool_element",
          "projection": "rigid",
          "location": "void_structure_fixes:ocean_ruins_cold/house/house_04",
          "processors": "minecraft:empty"
        }
      },
      {
        "weight": 1,
        "element": {
          "element_type": "minecraft:single_pool_element",
          "projection": "rigid",
          "location": "void_structure_fixes:ocean_ruins_cold/house/house_05",
          "processors": "minecraft:empty"
        }
      }
    ]
  }
  